{
  "MATURE": {
    "precision": 0.49096385542168675,
    "recall": 0.5659722222222222,
    "f1-score": 0.5258064516129032,
    "support": 288.0
  },
  "SAFE": {
    "precision": 0.6301775147928994,
    "recall": 0.5575916230366492,
    "f1-score": 0.5916666666666667,
    "support": 382.0
  },
  "accuracy": 0.5611940298507463,
  "macro avg": {
    "precision": 0.5605706851072931,
    "recall": 0.5617819226294357,
    "f1-score": 0.5587365591397849,
    "support": 670.0
  },
  "weighted avg": {
    "precision": 0.570336419421393,
    "recall": 0.5611940298507463,
    "f1-score": 0.5633566040763922,
    "support": 670.0
  }
}